idContenidoMultimedia,Director
P1,D1
P2,D2
P3,D3
P4,D4
P5,D5
P6,D6
P7,D7
P8,D8
P9,D9
P10,D10
1,D11
2,D11
3,D12
4,D11
5,D12
6,D12
7,D12
8,D11
9,D12
10,D12
11,D12
12,D12
13,D11
14,D12
15,D11
16,D11
17,D11
18,D11
19,D12
20,D12
21,D12
22,D11
23,D11
24,D12
25,D13
26,D13
27,D13
28,D14
29,D13
30,D14
31,D14
32,D14
33,D13
34,D14
35,D13
36,D14
37,D15
38,D15
39,D15
40,D15
41,D15
42,D15
43,D15
44,D15
45,D15
46,D17
47,D17
48,D17
49,D17
50,D17
51,D17
52,D17
53,D17
54,D17
55,D17
56,D17
57,D17
58,D17
59,D17
60,D17
61,D17
62,D17
63,D17
64,D17
65,D17
66,D17
67,D19
68,D19
69,D19
70,D21
71,D21
72,D22
73,D21
74,D22
75,D22
76,D22
77,D21
78,D21
79,D24
80,D24
81,D23
82,D24
83,D23
84,D23
85,D23
86,D24
87,D24
88,D23
89,D24
90,D24
91,D16
92,D16
93,D16
94,D20
95,D20
96,D20
97,D18
98,D18
99,D18
